Workbook

Sheet OPE_VALUACIONES_BSM
A1: Column1 | B1: Column2 | C1: ALADDIN | D1: Column3 | E1: Column4 | F1: Column5 | G1: Column6 | H1: Column7 | I1: PRECIO SUCIO | J1: Column9 | K1: Column10 | L1: Column11 | M1: Column12 | N1: Column13
A2: 45717 | B2: 142337 | C2: =VLOOKUP(B2,CATALOGO!A:B,2,0) -> STER1G | D2: MXLFGO000171 | E2: BONDESF 270318 | F2: 46464 | G2: 10179953 | H2: AVAILABLE | I2: 99.68787 | J2: 0.21 | K2: 1.0148178e+09 | L2: MXN | M2: 100 | N2: 1017995300
A3: 45717 | B3: 142337 | C3: =VLOOKUP(B3,CATALOGO!A:B,2,0) -> STER1G | D3: MXLFGO000114 | E3: BONDESF 280224 | F3: 46807 | G3: 5000000 | H3: AVAILABLE | I3: 99.539029 | J3: 0 | K3: 497695145 | L3: MXN | M3: 100 | N3: 500000000
A4: 45717 | B4: 142337 | C4: =VLOOKUP(B4,CATALOGO!A:B,2,0) -> STER1G | D4: MXLFGO0001C8 | E4: BONDESF 280323 | F4: 46835 | G4: 4328908 | H4: AVAILABLE | I4: 99.51464 | J4: 0.03 | K4: 4.3078972e+08 | L4: MXN | M4: 100 | N4: 432890800
A5: 45717 | B5: 142337 | C5: =VLOOKUP(B5,CATALOGO!A:B,2,0) -> STER1G | D5: MXLFGO0000T4 | E5: BONDESF 290125 | F5: 47143 | G5: 5902480 | H5: AVAILABLE | I5: 99.380103 | J5: 0.03 | K5: 5.8658907e+08 | L5: MXN | M5: 100 | N5: 590248000
A6: 45717 | B6: 142337 | C6: =VLOOKUP(B6,CATALOGO!A:B,2,0) -> STER1G | D6: MXISBP0401F0 | E6: BPA182 270401 | F6: 46478 | G6: 466427 | H6: AVAILABLE | I6: 99.956313 | J6: 4.28 | K6: 46622323 | L6: MXN | M6: 100 | N6: 46642700
A7: 45717 | B7: 142337 | C7: =VLOOKUP(B7,CATALOGO!A:B,2,0) -> STER1G | D7: MXISBP0401L8 | E7: BPA182 300328 | F7: 47570 | G7: 5883021 | H7: AVAILABLE | I7: 99.557185 | J7: 4.28 | K7: 5.8569701e+08 | L7: MXN | M7: 100 | N7: 588302100
A8: 45717 | B8: 142337 | C8: =VLOOKUP(B8,CATALOGO!A:B,2,0) -> STER1G | D8: MXIMBP0601N2 | E8: BPAG28 251106 | F8: 45967 | G8: 5186185 | H8: AVAILABLE | I8: 99.922423 | J8: 0.03 | K8: 5.1821617e+08 | L8: MXN | M8: 100 | N8: 518618500
A9: 45717 | B9: 142337 | C9: =VLOOKUP(B9,CATALOGO!A:B,2,0) -> STER1G | D9: MXIQBP0701K7 | E9: BPAG91 260903 | F9: 46268 | G9: 3474099 | H9: AVAILABLE | I9: 99.89579 | J9: 2.33 | K9: 3.4704786e+08 | L9: MXN | M9: 100 | N9: 347409900
A10: 45717 | B10: 142337 | C10: =VLOOKUP(B10,CATALOGO!A:B,2,0) -> STER1G | D10: MXBIGO000VW4 | E10: CETES 250403 | F10: 45750 | G10: 4792364 | H10: AVAILABLE | I10: 9.912589 | J10: 0 | K10: 47504735 | L10: MXN | M10: 10 | N10: 47923640
A11: 45717 | B11: 142337 | C11: =VLOOKUP(B11,CATALOGO!A:B,2,0) -> STER1G | D11: MXBIGO000X50 | E11: CETES 250424 | F11: 45771 | G11: 98175721 | H11: AVAILABLE | I11: 9.862057 | J11: 0 | K11: 9.6821454e+08 | L11: MXN | M11: 10 | N11: 981757210
A12: 45717 | B12: 142337 | C12: =VLOOKUP(B12,CATALOGO!A:B,2,0) -> STER1G | D12: MXMCGO0002G2 | E12: MCGOBFED 311127 | F12: 48179 | G12: 102067495 | H12: AVAILABLE | I12: 5.332396 | J12: 0 | K12: 5.442643e+08 | L12: MXN | M12: 10 | N12: 1020674950
A13: 45717 | B13: 142337 | C13: =VLOOKUP(B13,CATALOGO!A:B,2,0) -> STER1G | D13: MXMPGO000178 | E13: MPGOBFED 341123 | F13: 49271 | G13: 302843090 | H13: AVAILABLE | I13: 3.958176 | J13: 0 | K13: 1.1987063e+09 | L13: MXN | M13: 10 | N13: 3028430900
... A2863: 45747 | B2863: 71818 | C2863: =VLOOKUP(B2863,CATALOGO!A:B,2,0) -> STERGOB | D2863: MXBIGO000X68 | E2863: CETES 270121 | F2863: 46408 | G2863: 130725000 | H2863: AVAILABLE | I2863: 8.77326 | J2863: 0 | K2863: 1.1468844e+09 | L2863: MXN | M2863: 10 | N2863: 1307250000

Sheet CATALOGO
A1: Contrato Custodia | B1: Clave de pizarra
A2: 1013774 | B2: XPERT-D
A3: 60269 | B3: XPERT-C
A4: 60266 | B4: XPERT-B
A5: 1008504 | B5: USA-EQ
A6: 151095 | B6: SVIVE60
A7: 1003469 | B7: SVIVE50
A8: 142646 | B8: SVIVE35
A9: 144450 | B9: SVIVE20
A10: 71813 | B10: SUPER
A11: 1013769 | B11: STRIVS2
A12: 1013760 | B12: STRIVS1
A13: 142647 | B13: STRGOB2
... A72: 71816 | B72: DEUDAOP
